"Season","Name","Team","PA","wOBA","UBR","wGDP","SB","CS","1B","BB","HBP","IBB","playerid"
"2021","Seth Beer","ARI","10",".570","-0.1","0.0","0","0","2","1","0","0","20493"
"2021","Trayce Thompson","CHC","35",".453","0.0","-0.2","2","0","2","7","0","0","9952"
"2021","Tyler Nevin","BAL","18",".452","0.2","0.0","0","0","1","4","0","0","17893"
"2021","Mike Trout","LAA","146",".451","0.7","0.6","2","0","22","27","2","5","10155"
"2021","Bryce Harper","PHI","599",".431","-2.5","-0.8","13","3","73","100","5","14","11579"
"2021","Chris Owings","COL","50",".431","0.5","0.1","2","1","6","7","0","1","10030"
"2021","Nick Fortes","MIA","34",".426","-0.1","0.0","1","0","5","3","0","0","21538"
"2021","Estevan Florial","NYY","25",".423","-0.2","0.0","1","0","3","5","0","0","19151"
"2021","Juan Soto","WSN","654",".420","0.5","-1.9","9","7","106","145","2","23","20123"
"2021","Vladimir Guerrero Jr.","TOR","698",".419","-0.1","-1.7","4","1","110","86","6","7","19611"
"2021","Byron Buxton","MIN","254",".419","1.9","1.3","9","1","30","13","6","0","14161"
"2021","Luis Gonzalez","CHW","11",".414","-0.1","-0.3","0","0","0","3","0","0","20332"
"2021","Ronald Acuna Jr.","ATL","360",".412","2.2","1.0","17","6","40","49","9","2","18401"
"2021","Brandon Belt","SFG","381",".406","-1.3","-0.2","3","2","44","48","7","3","10264"
"2021","Jesse Winker","CIN","485",".403","-5.3","-0.9","1","0","72","53","9","1","13590"
"2021","Frank Schwindel","- - -","259",".403","-1.3","0.6","2","1","44","16","1","2","15351"
"2021","Fernando Tatis Jr.","SDP","546",".403","5.1","1.3","25","4","62","62","2","6","19709"
"2021","Yasmani Grandal","CHW","375",".402","-2.8","-1.5","0","0","35","87","3","0","11368"
"2021","Jose Siri","HOU","49",".401","-0.2","0.2","3","1","9","1","2","0","17452"
"2021","Luis Robert","CHW","296",".399","0.7","0.2","6","1","57","14","5","1","20043"
"2021","Shohei Ohtani","LAA","639",".393","0.4","1.6","26","10","58","96","4","20","19755"
"2021","Kyle Schwarber","- - -","471",".392","-1.8","0.8","1","1","55","64","6","1","16478"
"2021","Joey Votto","CIN","533",".391","0.0","0.7","1","0","59","77","4","6","4314"
"2021","Nick Castellanos","CIN","585",".391","0.1","-0.3","3","1","91","41","7","5","11737"
"2021","Corey Seager","LAD","409",".389","-0.7","-0.6","1","1","67","48","5","2","13624"
"2021","Aaron Judge","NYY","633",".387","-0.4","0.1","6","1","95","75","3","2","15640"
"2021","Andy Burns","LAD","15",".386","0.0","-0.1","0","0","2","3","1","0","12779"
"2021","Trea Turner","- - -","646",".386","3.3","-2.0","32","5","130","41","6","2","16252"
"2021","Bryan Reynolds","PIT","646",".385","2.6","0.8","5","2","102","75","8","9","19326"
"2021","Ketel Marte","ARI","374",".385","0.4","-0.9","2","0","64","31","2","3","13613"
"2021","Darin Ruf","SFG","312",".384","-0.6","-0.5","2","0","40","46","3","2","9929"
"2021","John Hicks","TEX","31",".384","0.2","0.0","0","0","3","0","0","0","12547"
"2021","Tyler O'Neill","STL","537",".384","3.3","0.5","15","4","76","38","13","0","15711"
"2021","C.J. Cron","COL","547",".383","-2.7","-0.2","1","0","72","60","13","3","12546"
"2021","Kyle Tucker","HOU","567",".383","0.0","0.9","14","2","79","53","1","5","18345"
"2021","George Springer","TOR","342",".381","-1.4","0.1","4","1","37","37","4","1","12856"
"2021","Austin Riley","ATL","662",".379","-3.2","0.1","0","1","112","52","12","2","18360"
"2021","Freddie Freeman","ATL","695",".379","2.7","0.9","8","3","122","85","8","15","5361"
"2021","Buster Posey","SFG","454",".379","-0.6","-1.9","0","0","79","56","1","5","9166"
"2021","Max Muncy","LAD","592",".379","1.1","1.5","2","1","60","83","11","5","13301"
"2021","Matt Olson","OAK","673",".379","1.9","-1.7","4","1","79","88","9","12","14344"
"2021","Brandon Crawford","SFG","549",".377","-1.5","1.4","11","3","87","56","5","6","5343"
"2021","Connor Wong","BOS","14",".376","0.2","0.0","0","0","2","1","0","0","19896"
"2021","Greg Allen","NYY","48",".375","0.7","0.1","5","0","5","5","5","0","16623"
"2021","A.J. Pollock","LAD","422",".375","-1.0","0.6","9","1","65","30","6","4","9256"
"2021","Paul Goldschmidt","STL","679",".373","0.5","0.0","12","0","108","67","4","2","9218"
"2021","Rafael Devers","BOS","664",".373","1.8","-0.1","5","5","89","62","7","7","17350"
"2021","Jose Ramirez","CLE","636",".372","2.5","0.6","27","4","74","72","7","10","13510"
"2021","Cedric Mullins II","BAL","675",".372","0.4","2.3","30","8","103","59","8","3","17929"
"2021","Mitch Garver","MIN","243",".372","0.1","0.2","1","1","25","31","3","0","15161"
"2021","Giancarlo Stanton","NYY","579",".370","-3.6","-2.9","0","0","85","63","3","1","4949"
"2021","Yordan Alvarez","HOU","598",".369","2.1","-1.3","1","0","80","50","8","3","19556"
"2021","Brandon Nimmo","NYM","386",".369","-0.7","0.9","5","4","67","54","5","0","12927"
"2021","Teoscar Hernandez","TOR","595",".369","0.3","1.8","12","4","102","36","7","1","13066"
"2021","Xander Bogaerts","BOS","603",".368","1.2","0.0","5","1","98","62","5","2","12161"
"2021","Marcus Semien","TOR","724",".368","1.4","0.6","15","1","87","66","3","0","12533"
"2021","Garrett Cooper","MIA","250",".367","-3.2","-0.3","1","1","41","30","4","0","15279"
"2021","Connor Joe","COL","211",".366","0.7","0.6","0","0","34","26","3","0","16572"
"2021","Mookie Betts","LAD","550",".365","-1.2","0.6","10","5","68","68","11","2","13611"
"2021","Rhys Hoskins","PHI","443",".364","-1.4","0.5","3","2","40","47","5","0","16472"
"2021","Starling Marte","- - -","526",".364","3.9","1.6","47","5","103","43","13","2","9241"
"2021","J.D. Martinez","BOS","634",".364","-1.5","-1.1","0","0","90","55","3","6","6184"
"2021","Will Smith","LAD","501",".364","-1.4","0.3","3","0","61","58","18","4","19197"
"2021","Carlos Correa","HOU","640",".364","1.0","-1.0","0","0","94","75","4","2","14162"
"2021","Brandon Lowe","TBR","615",".363","2.6","1.8","7","1","62","68","9","4","18882"
"2021","Yuli Gurriel","HOU","605",".363","0.5","-1.3","1","1","123","59","4","2","19198"
"2021","Jonathan India","CIN","631",".363","-0.5","-0.9","12","3","86","71","23","1","21523"
"2021","Pete Alonso","NYM","637",".363","-4.6","-0.6","3","0","80","60","12","6","19251"
"2021","Salvador Perez","KCR","665",".359","-1.1","0.6","1","0","97","28","13","4","7304"
"2021","Mike Zunino","TBR","375",".358","0.9","-0.1","0","0","26","34","7","0","13265"
"2021","Justin Turner","LAD","612",".358","-1.6","0.6","3","0","99","61","12","0","5235"
"2021","Luke Maile","MIL","34",".358","0.3","-0.1","0","0","5","3","1","0","13355"
"2021","J.D. Davis","NYM","211",".357","0.0","0.4","1","0","34","24","6","1","16219"
"2021","Jared Walsh","LAA","585",".357","-1.9","1.3","2","1","83","48","4","6","18607"
"2021","Jose Altuve","HOU","678",".357","3.0","0.3","5","3","103","66","4","3","5417"
"2021","Kris Bryant","- - -","586",".356","3.5","1.2","10","2","77","62","9","4","15429"
"2021","Matt Vierling","PHI","77",".356","0.3","0.0","2","0","17","4","1","1","21558"
"2021","Rafael Ortega","CHC","330",".355","0.2","0.5","12","6","59","30","2","1","10323"
"2021","Adam Engel","CHW","140",".354","0.8","-0.7","7","1","15","11","5","0","15082"
"2021","Franmil Reyes","CLE","466",".354","-4.3","-1.5","4","1","56","43","2","3","14566"
"2021","Jose Abreu","CHW","659",".354","-0.7","-3.4","1","0","86","61","22","3","15676"
"2021","Bo Bichette","TOR","690",".354","2.4","0.5","25","1","131","40","6","0","19612"
"2021","Ty France","SEA","650",".353","-1.4","-0.7","0","0","115","46","27","1","17982"
"2021","Alfonso Rivas","CHC","49",".353","0.0","-0.1","0","0","12","4","1","0","21560"
"2021","Josh Donaldson","MIN","543",".353","-0.6","-3.2","0","0","61","74","4","2","5038"
"2021","Delino DeShields","CIN","58",".352","0.2","0.4","2","1","6","9","0","0","11379"
"2021","Evan Longoria","SFG","291",".352","0.0","-1.3","1","1","36","35","1","4","9368"
"2021","Gavin Sheets","CHW","179",".352","-1.9","0.1","0","0","21","16","2","0","19901"
"2021","Josh Bell","WSN","568",".352","-3.3","-2.2","0","0","78","65","2","2","13145"
"2021","Tony Kemp","OAK","397",".351","1.8","1.7","8","2","65","52","6","0","14894"
"2021","Jonathan Lucroy","- - -","23",".351","-0.3","0.1","0","0","5","3","0","0","7870"
"2021","Manny Machado","SDP","640",".350","-3.1","0.4","12","3","96","63","2","10","11493"
"2021","Randy Arozarena","TBR","604",".350","1.7","0.5","20","10","90","56","14","4","19290"
"2021","Willy Adames","- - -","555",".349","0.9","0.4","5","4","72","57","0","1","15986"
"2021","Jorge Polanco","MIN","644",".349","2.0","1.9","11","6","88","45","5","0","13152"
"2021","Joey Gallo","- - -","616",".348","1.9","1.6","6","0","47","111","6","5","14128"
"2021","Wander Franco","TBR","308",".348","2.1","1.3","2","1","51","24","2","0","23667"
"2021","Yoan Moncada","CHW","616",".347","0.3","0.9","3","2","89","84","10","1","17232"
"2021","Jason Castro","HOU","179",".347","-0.2","-0.6","0","0","20","25","3","1","8722"
"2021","Michael Brantley","HOU","508",".347","-1.0","0.1","1","0","106","33","5","1","4106"
"2021","Patrick Wisdom","CHC","375",".346","-0.5","-0.2","4","1","37","32","4","1","13602"
"2021","Nelson Cruz","- - -","584",".346","-1.9","-0.2","3","0","82","51","7","10","2434"
"2021","Tyler Stephenson","CIN","402",".346","-1.2","-0.5","0","0","69","41","6","1","17988"
"2021","Thairo Estrada","SFG","132",".346","0.9","0.3","1","0","22","9","2","1","16426"
"2021","Avisail Garcia","MIL","515",".346","-0.2","0.2","8","4","74","38","11","5","5760"
"2021","Tyler Naquin","CIN","454",".345","-0.3","0.1","5","3","66","35","5","1","13359"
"2021","Tim Anderson","CHW","551",".345","5.2","0.7","18","7","115","22","1","1","15172"
"2021","Jeimer Candelario","DET","626",".344","0.1","1.4","0","0","90","65","4","1","13621"
"2021","Jake Burger","CHW","42",".344","0.0","-0.5","0","0","5","4","0","0","22275"
"2021","Javier Baez","- - -","547",".344","1.5","0.4","18","5","82","28","13","2","12979"
"2021","Hunter Renfroe","BOS","572",".344","-2.8","1.2","1","2","71","44","1","0","15464"
"2021","Santiago Espinal","TOR","246",".344","1.9","-0.1","6","1","53","22","1","0","19997"
"2021","LaMonte Wade Jr.","SFG","381",".343","-1.3","-0.1","6","1","47","33","5","1","18126"
"2021","Brendan Rodgers","COL","415",".341","-0.2","0.2","0","0","71","19","7","0","17907"
"2021","Trevor Story","COL","595",".341","3.9","1.5","20","6","69","53","11","2","12564"
"2021","Jake Cronenworth","SDP","643",".341","1.5","1.6","4","3","90","55","10","6","18036"
"2021","Ramon Urias","BAL","296",".341","0.5","0.8","1","2","52","28","6","0","18795"
"2021","Adam Frazier","- - -","639",".341","0.8","-0.2","10","5","130","48","10","2","15223"
"2021","Luis Urias","MIL","570",".340","-1.0","0.2","5","1","73","63","10","3","16622"
"2021","Mitch Haniger","SEA","691",".340","-1.4","0.3","1","0","93","54","9","2","14274"
"2021","Matt Beaty","LAD","234",".339","0.3","0.8","2","2","43","20","10","0","17710"
"2021","Jesus Sanchez","MIA","251",".339","-3.0","0.7","0","1","33","20","3","3","19913"
"2021","Bryan De La Cruz","MIA","219",".339","0.1","-1.0","1","1","45","18","1","1","19600"
"2021","Anthony Rizzo","- - -","576",".339","-0.4","-1.3","6","2","75","52","23","2","3473"
"2021","Jake Rogers","DET","127",".339","0.3","0.6","1","0","13","11","0","0","19452"
"2021","Chris Taylor","LAD","582",".338","2.8","2.0","13","1","80","63","8","2","13757"
"2021","T.J. Friedl","CIN","36",".338","0.4","0.1","0","0","7","4","0","0","19522"
"2021","Enrique Hernandez","BOS","585",".338","2.1","1.2","1","0","69","61","9","0","10472"
"2021","Jean Segura","PHI","567",".338","0.8","-2.0","9","3","105","39","9","3","5933"
"2021","Robbie Grossman","DET","671",".337","-0.1","0.8","20","5","84","98","8","3","5254"
"2021","Jordan Luplow","- - -","193",".337","-1.5","0.5","1","2","14","28","2","0","16424"
"2021","Wilmer Flores","SFG","436",".337","-3.0","-0.8","1","0","67","41","3","0","5827"
"2021","Willson Contreras","CHC","483",".337","-1.7","-0.9","5","4","57","52","14","1","11609"
"2021","Nathaniel Lowe","TEX","642",".337","-2.2","-1.0","8","0","102","80","2","2","19566"
"2021","Kolten Wong","MIL","492",".337","0.3","1.2","12","5","73","31","13","1","12532"
"2021","Robinson Chirinos","CHC","112",".336","-0.7","-0.4","0","0","11","9","5","0","3142"
"2021","Nolan Arenado","STL","653",".336","0.5","-0.9","2","0","80","50","3","8","9777"
"2021","Ozzie Albies","ATL","686",".336","4.5","1.9","20","4","86","47","3","2","16556"
"2021","Dylan Carlson","STL","619",".336","-0.4","1.1","2","1","91","57","11","2","20126"
"2021","J.T. Realmuto","PHI","537",".336","3.6","1.0","13","3","79","48","11","5","11739"
"2021","Alex Bregman","HOU","400",".336","-1.0","-1.0","1","0","65","44","4","4","17678"
"2021","Dustin Garneau","DET","68",".335","-0.1","-0.4","0","0","2","3","1","0","9433"
"2021","Nick Madrigal","CHW","215",".335","2.0","0.0","1","2","45","11","3","0","20521"
"2021","Ryan Mountcastle","BAL","586",".335","0.2","-0.5","4","3","79","41","4","2","18373"
"2021","Andrew McCutchen","PHI","574",".335","1.2","0.0","6","1","55","81","4","2","9847"
"2021","Eduardo Escobar","- - -","599",".334","-2.1","2.7","1","0","80","48","1","1","6153"
"2021","Ji-Man Choi","TBR","305",".334","-0.5","-0.1","0","0","34","45","2","0","5452"
"2021","Ryan McMahon","COL","596",".334","-0.3","-1.2","6","2","78","59","4","2","15112"
"2021","Alex Verdugo","BOS","604",".334","2.2","0.0","6","2","110","51","4","6","17027"
"2021","Bobby Dalbec","BOS","453",".334","-1.9","1.4","2","0","49","28","7","1","19966"
"2021","Jesus Aguilar","MIA","510",".334","-2.5","-0.5","0","0","72","46","3","4","11342"
"2021","Brandon Drury","NYM","88",".333","-0.3","-0.6","0","0","14","3","1","0","11615"
"2021","Taylor Ward","LAA","237",".333","0.1","-0.1","1","1","29","20","6","0","17548"
"2021","Mark Canha","OAK","625",".333","0.6","0.5","12","2","77","77","27","0","11445"
"2021","Lourdes Gurriel Jr.","TOR","541",".333","-0.9","0.4","1","3","87","32","2","1","19238"
"2021","Kyle Isbel","KCR","83",".333","0.4","0.3","2","0","13","7","0","0","21614"
"2021","Tres Barrera","WSN","107",".333","0.6","-0.4","0","0","18","12","4","2","19977"
"2021","Charlie Blackmon","COL","582",".333","0.6","0.8","3","0","97","54","11","1","7859"
"2021","Tyrone Taylor","MIL","271",".333","0.3","-0.4","6","1","36","20","7","1","13675"
"2021","Riley Adams","- - -","120",".332","0.1","0.1","0","0","11","15","6","0","19864"
"2021","Christian Arroyo","BOS","181",".332","1.0","0.4","1","0","25","8","7","0","16434"
"2021","Luke Voit","NYY","241",".332","-0.5","-2.2","0","0","32","21","7","0","14811"
"2021","Andy Young","ARI","104",".332","-1.0","-0.4","0","0","6","6","6","0","19521"
"2021","Miguel Sano","MIN","532",".332","-0.5","-1.3","2","1","51","59","2","2","12164"
"2021","Brad Miller","PHI","377",".331","0.1","0.2","3","0","43","45","1","2","12775"
"2021","Geraldo Perdomo","ARI","37",".331","0.4","0.2","0","0","4","6","0","2","22799"
"2021","Harrison Bader","STL","401",".331","1.2","1.5","9","4","60","27","5","6","18030"
"2021","Jacob deGrom","NYM","33",".331","","","0","0","11","0","0","0","10954"
"2021","Wil Myers","SDP","500",".330","1.1","0.3","8","5","70","54","0","2","10047"
"2021","Alejandro Kirk","TOR","189",".330","-0.7","-0.8","0","0","24","19","3","0","22581"
"2021","Elias Diaz","COL","371",".330","-1.9","-2.2","0","0","46","30","2","1","11680"
"2021","Nico Hoerner","CHC","170",".330","-0.4","0.1","5","3","35","17","3","3","21479"
"2021","Max Schrock","CIN","134",".329","-1.0","1.0","1","1","24","8","0","1","17750"
"2021","Danny Jansen","TOR","205",".329","-0.2","-0.2","0","0","17","17","3","0","16535"
"2021","Akil Baddoo","DET","461",".329","2.0","0.4","18","4","67","45","0","1","22168"
"2021","Nicky Lopez","KCR","565",".329","4.3","0.5","22","1","120","49","4","0","19339"
"2021","Carson Kelly","ARI","359",".328","0.6","-1.3","0","0","48","44","6","1","13620"
"2021","Jake Meyers","HOU","163",".328","0.9","0.5","3","0","24","10","4","0","20308"
"2021","Austin Hays","BAL","529",".328","-0.2","0.7","4","3","73","28","9","0","19363"
"2021","Ryan LaMarre","NYY","24",".328","-0.2","0.0","1","0","2","2","1","0","10700"
"2021","Ian Happ","CHC","535",".328","0.9","-1.2","9","2","59","62","5","0","17919"
"2021","Andrew Benintendi","KCR","538",".328","0.7","1.8","8","9","90","36","2","0","17901"
"2021","Lane Thomas","- - -","264",".328","0.7","-1.1","6","3","29","37","0","1","16939"
"2021","Ramon Laureano","OAK","378",".327","-0.9","1.0","12","5","47","27","9","0","17128"
"2021","Steven Duggar","SFG","297",".327","1.5","1.0","7","0","42","27","2","3","17719"
"2021","Austin Meadows","TBR","591",".327","-3.0","2.2","4","3","62","59","6","3","15672"
"2021","Josh Rojas","ARI","550",".327","4.3","0.7","9","4","82","58","0","1","19734"
"2021","Matt Duffy","CHC","322",".327","1.1","-3.4","8","1","66","25","7","0","13836"
"2021","Max Stassi","LAA","319",".327","-0.9","-0.2","0","0","43","28","8","0","10059"
"2021","Chas McCormick","HOU","320",".327","-0.6","0.5","4","2","47","25","4","0","19599"
"2021","Trey Mancini","BAL","616",".326","-2.4","-2.4","0","0","87","51","8","4","15149"
"2021","Mike Yastrzemski","SFG","532",".326","1.0","2.5","4","0","49","51","9","4","14854"
"2021","Kevin Plawecki","BOS","173",".325","-0.4","-0.3","0","0","35","12","3","0","13807"
"2021","Andy Ibanez","TEX","272",".325","-0.6","0.0","0","0","46","15","2","0","18819"
"2021","Yandy Diaz","TBR","541",".325","-1.4","-0.1","1","1","85","69","3","4","16578"
"2021","Christian Yelich","MIL","475",".325","0.9","0.8","9","3","69","70","3","5","11477"
"2021","Keibert Ruiz","- - -","96",".325","-0.8","-0.5","0","0","18","6","2","0","19610"
"2021","Alcides Escobar","WSN","349",".325","0.8","1.3","3","0","65","17","9","0","6310"
"2021","Daniel Vogelbach","MIL","258",".325","-3.1","-0.8","0","0","30","43","0","1","14130"
"2021","Josh Harrison","- - -","558",".325","-0.5","0.8","9","5","98","31","18","0","8202"
"2021","Donovan Solano","SFG","344",".324","0.1","-0.4","2","0","62","25","7","2","8623"
"2021","Adam Duvall","- - -","555",".324","-3.7","0.6","5","0","60","35","4","1","10950"
"2021","Jonathan Schoop","DET","674",".324","-0.3","-1.6","2","0","120","37","6","0","11265"
"2021","Jorge Soler","- - -","602",".323","-5.8","-0.5","0","0","61","67","6","0","14221"
"2021","Jake Fraley","SEA","265",".322","0.0","0.0","10","2","29","46","2","1","19260"
"2021","Dansby Swanson","ATL","653",".322","2.0","1.3","9","3","84","52","5","4","18314"
"2021","Omar Narvaez","MIL","445",".322","-0.8","-1.3","0","0","73","41","7","3","13338"
"2021","Daulton Varsho","ARI","315",".322","3.0","1.0","6","0","40","30","0","3","19918"
"2021","Ben Gamel","- - -","400",".322","1.7","0.1","3","6","55","51","3","2","12160"
"2021","Edmundo Sosa","STL","326",".322","0.5","-0.3","4","4","60","17","17","2","17022"
"2021","Michael Conforto","NYM","479",".322","-0.5","-0.7","1","0","60","59","12","3","16376"
"2021","Luis Arraez","MIN","479",".321","2.5","-0.9","2","2","101","43","2","2","18568"
"2021","Austin Slater","SFG","306",".321","1.4","-0.9","15","2","41","28","4","2","16153"
"2021","Abraham Almonte","ATL","175",".321","-1.5","0.5","1","1","15","26","0","0","5486"
"2021","Yadiel Hernandez","WSN","289",".320","-0.6","-1.4","3","0","54","22","1","1","19334"
"2021","Trent Grisham","SDP","527",".320","2.5","-0.6","13","5","66","54","6","2","18564"
"2021","Austin Dean","STL","38",".320","0.7","0.2","0","0","4","6","0","0","18288"
"2021","Kyle Lewis","SEA","147",".320","-1.2","0.5","2","0","23","16","1","0","19508"
"2021","Francisco Mejia","TBR","277",".320","-0.3","0.0","0","0","41","17","7","0","16403"
"2021","Jonathan Villar","NYM","505",".320","3.1","1.1","14","7","75","46","3","2","10071"
"2021","Eric Hosmer","SDP","565",".319","-2.9","-1.4","5","4","97","48","5","2","3516"
"2021","Ryan Zimmerman","WSN","273",".319","-1.2","-0.4","0","0","32","16","0","0","4220"
"2021","Lorenzo Cain","MIL","286",".319","2.1","0.4","13","2","45","26","2","0","9077"
"2021","Jace Peterson","MIL","302",".318","1.8","1.2","10","1","46","38","3","0","12325"
"2021","Tommy Pham","SDP","561",".318","1.6","-0.3","14","6","68","78","4","3","2967"
"2021","Pavin Smith","ARI","545",".318","-1.6","-0.5","1","0","91","42","4","1","19892"
"2021","Sam Hilliard","COL","238",".318","0.4","1.3","5","0","23","23","1","3","17954"
"2021","Colin Moran","PIT","359",".318","-5.7","0.5","1","0","60","36","2","0","16909"
"2021","Yermin Mercedes","CHW","262",".317","0.0","-0.5","0","1","48","20","1","1","17423"
"2021","Corey Dickerson","- - -","365",".317","-0.2","0.1","6","5","62","25","3","1","10762"
"2021","Eloy Jimenez","CHW","231",".317","-0.7","-0.7","0","0","33","16","1","0","17484"
"2021","Joey Wendle","TBR","501",".317","1.0","0.1","8","6","76","28","10","4","13853"
"2021","Francisco Lindor","NYM","524",".317","1.0","1.1","10","4","65","58","5","4","12916"
"2021","Ehire Adrianza","ATL","209",".316","0.1","0.3","0","0","29","21","2","0","8418"
"2021","Jose Rondon","STL","90",".316","0.2","0.3","2","0","15","8","0","0","14140"
"2021","Eric Haase","DET","381",".316","0.0","-0.8","2","0","46","26","2","0","14111"
"2021","Lars Nootbaar","STL","124",".316","0.6","0.9","2","1","17","13","0","1","21454"
"2021","Eddie Rosario","- - -","412",".316","0.0","0.5","11","3","62","26","1","0","12155"
"2021","Kyle Farmer","CIN","529",".316","1.4","-1.6","2","3","87","22","18","1","14813"
"2021","Austin Nola","SDP","194",".316","0.4","0.4","0","1","33","14","5","0","15941"
"2021","Amed Rosario","CLE","588",".315","0.2","-1.1","13","0","113","31","3","0","15518"
"2021","Joc Pederson","- - -","481",".315","0.0","-0.2","2","3","62","39","8","0","11899"
"2021","Jake McCarthy","ARI","70",".315","1.0","0.2","3","2","8","8","2","0","21622"
"2021","Manny Pina","MIL","208",".315","-0.3","0.2","0","0","15","22","5","0","2829"
"2021","DJ LeMahieu","NYY","679",".315","0.8","-1.8","4","2","125","73","4","2","9874"
"2021","Seth Brown","OAK","307",".315","-1.8","1.6","4","1","26","23","1","2","18171"
"2021","Bobby Bradley","CLE","279",".314","-2.3","0.5","0","0","25","25","6","1","17278"
"2021","Gary Sanchez","NYY","440",".314","-2.0","-1.2","0","0","41","52","5","3","11442"
"2021","Brian Anderson","MIA","264",".314","-0.1","-0.3","5","0","42","26","5","2","18289"
"2021","Kyle Garlick","MIN","107",".314","-0.4","0.0","1","0","10","6","1","0","18063"
"2021","Adolis Garcia","TEX","622",".314","-1.7","-0.4","16","5","82","32","5","0","19287"
"2021","David Peralta","ARI","538",".314","1.9","0.6","2","1","80","46","3","3","2136"
"2021","J.P. Crawford","SEA","687",".314","-0.1","-0.1","3","6","123","58","5","1","15491"
"2021","Jon Jay","LAA","14",".314","0.0","0.1","0","0","5","0","0","0","5227"
"2021","Alex Dickerson","SFG","312",".313","-0.4","-0.1","1","0","41","23","6","1","12649"
"2021","Brett Phillips","TBR","292",".313","1.7","0.5","14","3","26","33","2","0","14735"
"2021","Jazz Chisholm Jr.","MIA","507",".312","1.3","1.1","23","8","73","34","4","0","20454"
"2021","Travis Jankowski","PHI","157",".312","-0.7","0.5","5","0","24","22","1","4","13768"
"2021","Odubel Herrera","PHI","492",".312","-0.4","0.3","6","1","75","29","6","0","11476"
"2021","Leury Garcia","CHW","474",".312","3.7","-0.2","6","2","80","41","4","0","5913"
"2021","Jacob Stallings","PIT","427",".312","-1.5","0.0","0","0","63","49","2","0","13723"
"2021","Wilmer Difo","PIT","240",".312","0.6","0.8","1","0","45","20","0","0","14320"
"2021","Matt Chapman","OAK","622",".311","0.9","1.9","3","2","66","80","4","0","16505"
"2021","Miguel Rojas","MIA","539",".311","1.3","-0.7","13","3","89","37","5","0","7802"
"2021","Jed Lowrie","OAK","512",".311","-1.9","0.7","0","0","70","49","2","1","4418"
"2021","Luis Torrens","SEA","378",".311","-0.3","-0.6","0","0","51","28","1","1","15905"
"2021","Alex Avila","WSN","111",".311","-0.9","-0.3","0","0","6","19","2","1","7476"
"2021","Myles Straw","- - -","638",".311","3.5","-0.2","30","6","119","67","2","0","17620"
"2021","Aledmys Diaz","HOU","319",".311","-1.6","-0.5","0","1","49","16","9","3","15937"
"2021","Luis Guillorme","NYM","156",".311","0.2","0.1","0","2","31","23","0","2","16451"
"2021","Kevin Kiermaier","TBR","390",".310","1.8","1.0","9","5","60","33","5","2","11038"
"2021","Anthony Rendon","LAA","249",".310","0.4","-1.3","0","0","33","29","1","2","12861"
"2021","Anthony Alford","PIT","148",".310","0.9","-0.4","5","6","19","12","3","1","14329"
"2021","D.J. Stewart","BAL","318",".310","1.4","0.6","0","0","33","44","4","1","17766"
"2021","Nick Maton","PHI","131",".309","0.6","0.7","2","0","20","10","2","0","21635"
"2021","Sean Murphy","OAK","448",".309","-2.0","1.1","0","0","45","40","12","0","19352"
"2021","Gio Urshela","NYY","442",".309","-4.0","-1.9","1","0","78","20","1","0","10681"
"2021","Max Kepler","MIN","490",".309","1.9","1.5","10","0","46","54","6","3","12144"
"2021","Starlin Castro","WSN","346",".309","-1.6","0.2","0","1","66","26","0","1","4579"
"2021","Yan Gomes","- - -","375",".308","1.1","-1.7","0","0","58","19","6","3","9627"
"2021","Kyle Seager","SEA","670",".308","-3.8","2.1","3","1","63","59","4","2","9785"
"2021","Deven Marrero","MIA","19",".307","0.0","-0.5","1","0","2","3","0","0","13325"
"2021","Michael Hermosillo","CHC","38",".307","0.3","-0.5","0","0","2","1","1","0","16285"
"2021","Tommy La Stella","SFG","242",".307","-0.7","-0.2","0","0","36","18","1","1","12371"
"2021","Chad Pinder","OAK","233",".307","0.3","-0.9","1","0","29","16","2","0","15191"
"2021","Gleyber Torres","NYY","516",".307","1.1","-0.7","14","6","88","50","1","1","16997"
"2021","Anthony Santander","BAL","438",".307","1.6","0.1","1","1","56","23","4","0","14551"
"2021","Alex Kirilloff","MIN","231",".307","-0.1","0.3","1","1","34","14","1","2","20325"
"2021","Andrew Vaughn","CHW","469",".306","-1.9","-1.1","1","1","61","41","6","0","26197"
"2021","Whit Merrifield","KCR","720",".306","1.8","-0.1","40","4","129","40","4","1","11281"
"2021","Adalberto Mondesi","KCR","136",".306","0.0","0.0","15","1","14","6","1","0","13769"
"2021","Eugenio Suarez","CIN","574",".306","-3.1","-0.2","0","1","46","56","8","0","12552"
"2021","Brian Goodwin","CHW","271",".306","-1.0","1.2","1","0","33","33","1","0","12858"
"2021","Rowdy Tellez","- - -","325",".306","0.0","-0.1","0","0","45","23","4","4","15679"
"2021","Derek Hill","DET","150",".305","0.5","0.0","6","3","27","10","1","0","16947"
"2021","Freddy Galvis","- - -","394",".305","0.6","0.4","1","0","56","27","5","1","6609"
"2021","Brett Gardner","NYY","461",".305","1.1","1.8","4","0","56","60","3","0","9927"
"2021","Justin Upton","LAA","362",".305","1.2","-0.4","4","1","38","39","1","0","5222"
"2021","Miguel Cabrera","DET","526",".305","-3.7","-2.1","0","0","90","40","5","0","1744"
"2021","Raimel Tapia","COL","533",".305","2.8","-0.1","20","6","99","40","1","2","14350"
"2021","Tyler Wade","NYY","145",".304","2.4","-0.3","17","6","28","16","1","1","15730"
"2021","Jose Iglesias","- - -","511",".304","0.5","-0.5","5","2","93","21","6","0","10231"
"2021","Christian Walker","ARI","445",".304","1.5","0.0","0","0","64","38","4","1","13419"
"2021","Yonathan Daza","COL","331",".304","0.5","-0.5","2","1","69","21","2","0","15794"
"2021","William Contreras","ATL","185",".303","-0.7","0.0","0","0","22","19","2","1","20503"
"2021","Gavin Lux","LAD","381",".303","2.3","1.5","4","1","58","41","3","3","19955"
"2021","Pablo Reyes","MIL","87",".303","0.4","-0.1","4","0","14","9","0","1","16357"
"2021","Abraham Toro","- - -","375",".303","-0.3","0.6","6","3","57","31","7","0","19844"
"2021","Aristides Aquino","CIN","204",".303","-0.5","1.1","2","2","16","27","1","2","15482"
"2021","Jo Adell","LAA","140",".303","-0.3","0.1","2","1","21","8","1","0","20220"
"2021","Albert Pujols","- - -","296",".302","-1.1","-1.5","2","0","45","14","5","3","1177"
"2021","Harold Ramirez","CLE","361",".302","2.4","-1.1","3","1","62","14","5","1","14387"
"2021","Josh Naylor","CLE","250",".302","-0.4","-1.0","1","0","39","14","2","1","18839"
"2021","Cesar Hernandez","- - -","637",".302","1.6","-0.1","1","1","88","59","5","2","10556"
"2021","Yoshi Tsutsugo","- - -","262",".302","-0.5","0.5","0","1","29","29","1","0","27459"
"2021","Ke'Bryan Hayes","PIT","396",".301","0.6","-0.7","9","1","65","31","1","0","18577"
"2021","Willie Calhoun","TEX","284",".301","-2.8","-0.1","0","2","46","21","2","0","17838"
"2021","Manuel Margot","TBR","464",".301","1.4","1.3","13","8","76","37","1","2","14712"
"2021","Tommy Edman","STL","691",".301","3.0","1.6","30","5","113","38","6","1","19470"
"2021","Edward Olivares","KCR","111",".301","0.5","-0.1","2","2","17","5","3","0","19698"
"2021","Brent Rooker","MIN","213",".301","0.2","0.9","0","0","19","15","9","0","19627"
"2021","Jeff McNeil","NYM","426",".301","-0.8","-0.5","3","0","70","29","10","0","15362"
"2021","Zack Collins","CHW","231",".300","-1.0","0.3","1","1","24","34","1","1","19181"
"2021","Trevor Larnach","MIN","301",".300","-2.3","1.0","1","0","39","31","8","0","21501"
"2021","Tucker Barnhart","CIN","388",".300","0.3","-0.1","0","0","58","29","8","1","10200"
"2021","Yohel Pozo","TEX","77",".300","-0.6","0.2","0","0","16","3","0","0","18848"
"2021","Randal Grichuk","TOR","545",".300","-1.4","-1.9","0","3","75","27","3","0","10243"
"2021","Mitch Moreland","OAK","252",".300","-1.5","-0.2","0","0","30","18","2","0","3086"
"2021","Bradley Zimmer","CLE","348",".300","0.0","0.6","15","3","50","30","15","0","16221"
"2021","Pedro Severino","BAL","419",".299","-2.8","-0.8","0","0","65","34","1","1","14523"
"2021","Nick Solak","TEX","511",".299","1.5","0.0","7","5","80","34","15","0","19294"
"2021","Victor Reyes","DET","220",".298","1.2","0.1","5","1","35","8","0","0","15487"
"2021","Cavan Biggio","TOR","294",".298","-1.5","0.3","3","1","38","37","1","2","19252"
"2021","Jake Lamb","- - -","170",".298","0.6","-0.7","0","0","17","22","2","0","13329"
"2021","Phil Gosselin","LAA","373",".297","0.3","1.3","4","2","69","24","3","0","10953"
"2021","Asdrubal Cabrera","- - -","352",".297","-1.7","-0.1","1","0","43","36","3","1","4962"
"2021","Kevin Pillar","NYM","347",".297","0.4","1.0","4","3","47","11","10","0","12434"
"2021","Hanser Alberto","KCR","255",".296","0.6","0.8","3","1","40","4","4","0","11902"
"2021","Brandon Marsh","LAA","260",".296","2.4","0.5","6","1","43","20","2","0","20202"
"2021","Rob Refsnyder","MIN","157",".296","-0.1","-0.5","1","0","25","17","0","0","13770"
"2021","Jordy Mercer","WSN","127",".294","-0.8","0.7","0","0","21","9","0","0","6547"
"2021","Dom Nunez","COL","263",".294","0.7","1.3","0","0","18","34","0","4","15055"
"2021","Yu Chang","CLE","251",".294","1.1","0.3","1","0","28","11","2","0","14773"
"2021","Carlos Santana","KCR","659",".294","-0.9","0.3","2","0","87","86","3","3","2396"
"2021","Oscar Mercado","CLE","238",".294","1.0","0.9","7","1","30","21","2","0","16375"
"2021","Breyvic Valera","TOR","97",".293","-0.7","0.4","1","0","15","8","0","0","12758"
"2021","Paul DeJong","STL","402",".293","0.1","0.3","4","1","40","35","9","0","18015"
"2021","Jurickson Profar","SDP","412",".293","0.1","-1.5","10","5","57","49","6","1","10815"
"2021","Grayson Greiner","DET","82",".293","0.7","0.3","0","0","12","9","0","0","17062"
"2021","Hunter Dozier","KCR","543",".293","0.8","-1.2","5","4","56","43","7","0","15117"
"2021","Isiah Kiner-Falefa","TEX","677",".293","3.0","-0.1","20","5","136","28","11","2","16512"
"2021","Kole Calhoun","ARI","182",".292","-0.6","0.5","1","0","26","15","0","0","11200"
"2021","Guillermo Heredia","ATL","347",".292","2.9","0.5","0","0","36","32","9","3","18721"
"2021","Charlie Culberson","TEX","271",".292","0.5","0.6","7","1","38","17","2","1","3298"
"2021","Jose Rojas","LAA","184",".292","-1.4","0.5","2","1","15","15","1","0","19331"
"2021","Luis Garcia","WSN","247",".291","0.8","-0.3","0","2","31","11","0","1","20391"
"2021","Travis d'Arnaud","ATL","229",".291","0.0","-0.9","0","0","25","17","2","0","7739"
"2021","Jorge Mateo","- - -","209",".291","0.4","0.9","10","3","32","9","4","0","17273"
"2021","Harold Castro","DET","339",".291","0.0","0.0","1","1","72","14","1","0","14691"
"2021","Tom Murphy","SEA","325",".291","0.7","-0.7","0","0","37","40","2","0","13499"
"2021","Dominic Smith","NYM","493",".291","-3.3","-0.3","2","1","78","32","9","2","15653"
"2021","Pablo Sandoval","ATL","86",".291","-0.6","-0.1","0","0","9","11","2","0","5409"
"2021","Yadier Molina","STL","473",".290","-2.8","-2.7","3","0","81","24","5","1","7007"
"2021","Rougned Odor","NYY","361",".289","1.3","1.0","0","1","38","27","11","2","12282"
"2021","Ryan Jeffers","MIN","293",".289","-1.8","0.1","0","1","28","22","4","0","24618"
"2021","Clint Frazier","NYY","218",".289","-1.1","-1.5","2","0","20","32","3","0","15983"
"2021","Christian Vazquez","BOS","498",".289","-2.8","-2.0","8","4","88","33","2","0","9774"
"2021","Curt Casali","SFG","231",".289","-0.6","0.6","0","0","25","26","4","4","12510"
"2021","Emmanuel Rivera","KCR","98",".289","0.6","0.0","2","0","18","8","0","0","19890"
"2021","Max Fried","ATL","67",".289","","","0","0","12","4","0","0","13743"
"2021","Travis Shaw","- - -","250",".289","-1.7","1.3","0","0","24","24","3","0","11982"
"2021","Reese McGuire","TOR","217",".289","1.1","-0.1","0","0","34","15","2","0","15674"
"2021","Rene Rivera","- - -","78",".288","-0.4","-0.7","0","0","11","4","2","0","3648"
"2021","Garrett Hampson","COL","494",".288","3.0","1.1","17","7","68","33","3","2","19262"
"2021","Lewin Diaz","MIA","128",".288","-0.6","0.4","0","0","12","6","0","1","18365"
"2021","Miguel Andujar","NYY","162",".288","0.6","-1.7","0","1","31","7","0","0","15878"
"2021","German Marquez","COL","60",".288","","","0","0","8","0","0","0","15038"
"2021","Renato Nunez","DET","55",".287","0.0","-0.5","0","0","3","1","1","0","14503"
"2021","Jake Marisnick","- - -","198",".287","0.0","-0.2","4","1","23","11","7","0","11339"
"2021","Nick Martini","CHC","45",".287","-0.3","0.4","0","1","9","6","0","1","12005"
"2021","Josh VanMeter","ARI","310",".287","-1.2","0.2","3","2","33","33","1","0","15170"
"2021","Nick Senzel","CIN","124",".286","1.5","0.1","2","5","23","12","0","0","19293"
"2021","Niko Goodrum","DET","325",".286","0.2","-0.4","14","5","40","29","4","0","12092"
"2021","Payton Henry","MIA","16",".286","0.0","-0.3","0","0","3","1","0","0","22164"
"2021","Michael A. Taylor","KCR","528",".286","1.5","-0.6","14","7","89","33","5","0","11489"
"2021","Webster Rivas","SDP","77",".286","-0.6","-0.8","0","0","11","8","0","0","14636"
"2021","Alec Bohm","PHI","417",".285","-1.9","-1.0","4","0","72","31","2","0","21618"
"2021","Austin Barnes","LAD","225",".285","0.4","-0.4","1","0","29","20","4","1","12158"
"2021","Jack Mayfield","- - -","290",".284","-0.8","0.1","5","0","33","17","3","0","15402"
"2021","Marcell Ozuna","ATL","208",".284","-0.6","-0.5","0","0","27","19","1","0","10324"
"2021","Mike Moustakas","CIN","206",".284","0.0","-0.3","0","0","20","18","2","0","4892"
"2021","Luke Williams","PHI","108",".283","0.6","0.0","2","2","19","10","0","0","19931"
"2021","Taylor Jones","HOU","108",".283","-0.6","-1.1","0","0","14","4","0","0","19533"
"2021","Nick Gordon","MIN","216",".283","0.6","-1.4","10","1","34","12","3","0","16337"
"2021","Josh Reddick","ARI","158",".283","-0.2","-0.3","0","0","26","6","0","0","3892"
"2021","Zach McKinstry","LAD","172",".282","0.2","-0.4","1","1","18","10","1","1","19392"
"2021","Jon Berti","MIA","271",".282","3.6","-0.5","8","4","34","32","3","0","12037"
"2021","Cole Tucker","PIT","131",".282","-0.3","0.1","2","2","18","13","0","0","17326"
"2021","Gerardo Parra","WSN","107",".282","-0.9","-0.2","1","1","16","6","2","0","8553"
"2021","Kurt Suzuki","LAA","247",".282","-0.7","-1.0","0","0","35","12","11","0","8259"
"2021","Jonathan Arauz","BOS","75",".282","0.0","-0.1","0","0","6","8","0","0","20275"
"2021","Rodolfo Castro","PIT","93",".281","-0.3","-0.4","0","0","10","6","1","0","21987"
"2021","James McCann","NYM","412",".281","-1.3","-1.1","1","2","64","32","2","1","12859"
"2021","Daz Cameron","DET","115",".281","1.3","-0.1","6","0","11","10","2","0","18353"
"2021","Jose Peraza","NYM","154",".280","0.3","-0.5","1","0","16","9","3","0","13593"
"2021","Aaron Hicks","NYY","126",".279","-0.1","0.0","0","0","14","14","2","0","5297"
"2021","Hoy Park","- - -","150",".279","-0.2","-0.5","1","1","15","18","1","1","18027"
"2021","Taylor Walls","TBR","176",".279","0.1","0.1","4","2","21","23","0","0","22458"
"2021","Sergio Alcantara","CHC","255",".279","0.1","0.2","3","0","31","30","2","2","16417"
"2021","Stephen Piscotty","OAK","188",".279","-1.2","0.1","1","0","25","13","2","0","13367"
"2021","Phillip Evans","PIT","247",".278","-0.1","0.1","1","0","34","28","5","1","12950"
"2021","Mauricio Dubon","SFG","187",".278","-1.2","-0.2","2","1","28","9","1","2","16530"
"2021","Eric Campbell","SEA","12",".277","0.2","0.0","0","0","3","1","0","0","6938"
"2021","Michael Chavis","- - -","124",".277","0.0","-0.3","1","2","19","1","1","0","17321"
"2021","Andres Gimenez","CLE","210",".277","-0.1","0.7","11","0","26","11","7","0","19950"
"2021","Eddy Alvarez","MIA","74",".277","0.3","-0.3","1","0","6","4","6","1","16959"
"2021","Billy McKinney","- - -","300",".277","-0.3","0.3","2","0","28","32","1","2","15654"
"2021","Rafael Marchan","PHI","56",".277","0.1","0.0","0","0","9","4","0","0","21646"
"2021","Cam Gallagher","KCR","124",".276","0.0","0.1","0","0","21","8","0","0","12981"
"2021","Andrew Stevenson","WSN","213",".276","1.0","0.1","1","1","33","13","5","2","17932"
"2021","Jack Flaherty","STL","26",".276","","","0","0","1","5","0","0","17479"
"2021","Jose Devers","MIA","46",".276","0.3","0.2","0","0","7","3","1","0","20540"
"2021","Carter Kieboom","WSN","249",".275","-0.5","-1.2","0","0","33","25","5","2","19958"
"2021","Gregory Polanco","PIT","382",".275","-0.1","-0.1","14","1","45","36","2","2","12907"
"2021","Wilson Ramos","- - -","163",".275","-1.3","0.1","0","0","18","9","0","0","1433"
"2021","Johneshwy Fargas","- - -","54",".275","-0.9","-0.2","1","2","8","1","0","0","16446"
"2021","Roman Quinn","PHI","62",".275","0.5","0.1","4","3","5","6","4","0","13546"
"2021","Didi Gregorius","PHI","408",".275","0.8","0.4","3","0","46","25","8","1","6012"
"2021","Lewis Brinson","MIA","290",".275","0.1","-0.4","1","1","39","13","1","0","14352"
"2021","Ernie Clement","CLE","133",".275","1.3","-0.1","0","1","21","7","2","0","20352"
"2021","Jason Heyward","CHC","353",".275","0.8","0.7","5","1","44","27","3","1","4940"
"2021","Daniel Johnson","CLE","81",".274","-0.2","0.3","1","0","13","4","0","0","19643"
"2021","Ryan O'Hearn","KCR","254",".274","-1.7","-0.2","0","0","38","13","2","0","16442"
"2021","Juan Lagares","LAA","327",".274","0.8","-0.9","1","2","45","12","1","0","5384"
"2021","Isaac Paredes","DET","85",".274","-1.8","-0.5","0","0","10","10","1","1","20036"
"2021","Khris Davis","- - -","114",".274","-0.2","-0.2","0","0","12","10","0","0","9112"
"2021","Ronald Torreyes","PHI","344",".274","1.2","0.4","2","1","59","19","1","2","11400"
"2021","Huascar Ynoa","ATL","32",".274","","","0","0","4","0","0","0","20468"
"2021","Victor Robles","WSN","369",".274","-2.1","-0.1","8","6","40","33","16","3","18363"
"2021","Jorge Alfaro","MIA","311",".274","0.0","-0.9","8","1","52","11","5","0","12180"
"2021","Ryan Lavarnway","CLE","30",".274","-0.8","0.1","0","0","4","1","0","0","8879"
"2021","Victor Caratini","SDP","356",".273","-2.9","-2.1","2","0","55","35","4","8","14968"
"2021","David Fletcher","LAA","665",".273","2.3","-0.2","15","3","132","31","1","1","17992"
"2021","John Nogowski","- - -","143",".273","-1.6","0.3","0","1","22","12","1","0","16852"
"2021","Willians Astudillo","MIN","216",".272","-1.7","-1.7","0","0","34","3","4","0","15608"
"2021","DJ Peters","- - -","240",".272","0.3","-0.1","2","0","21","12","2","4","19348"
"2021","Kyle Higashioka","NYY","211",".272","-1.6","0.0","0","0","15","17","0","0","5517"
"2021","Dylan Moore","SEA","377",".271","0.4","-0.6","21","5","35","40","4","0","18042"
"2021","Jose Barrero","CIN","56",".271","0.4","-0.2","1","0","5","3","3","0","23378"
"2021","Adrian Sanchez","WSN","38",".271","-1.2","-0.4","0","0","7","3","0","1","11338"
"2021","Adam Eaton","- - -","288",".271","0.8","0.0","3","0","33","22","7","0","11205"
"2021","Willi Castro","DET","450",".271","1.6","0.6","9","4","61","23","8","1","17338"
"2021","Alex Blandino","CIN","82",".270","-0.1","0.4","1","0","10","8","4","0","16271"
"2021","Kelvin Gutierrez","- - -","295",".270","-1.2","-0.3","0","1","49","19","4","0","17468"
"2021","Jarred Kelenic","SEA","377",".270","1.6","0.4","6","4","33","36","3","0","22558"
"2021","Mason Williams","NYM","37",".270","0.2","-0.2","0","1","5","4","0","1","11859"
"2021","Ha-seong Kim","SDP","298",".270","0.3","0.5","6","1","32","22","4","1","27506"
"2021","Stephen Vogt","- - -","238",".270","-0.1","0.6","0","0","27","26","0","2","5000"
"2021","Elvis Andrus","OAK","541",".270","4.9","-1.5","12","2","91","31","6","2","8709"
"2021","Taylor Trammell","SEA","178",".270","0.4","0.6","2","3","10","17","3","0","19960"
"2021","Nick Ahmed","ARI","473",".269","0.4","0.0","7","2","58","34","2","3","12147"
"2021","Matt Carpenter","STL","249",".269","-0.8","1.0","2","0","20","35","6","1","8090"
"2021","Shed Long Jr.","SEA","121",".268","-0.8","-0.4","1","0","13","9","0","0","16542"
"2021","Mike Brosseau","TBR","169",".268","-1.7","0.5","2","0","14","15","2","0","19683"
"2021","Danny Mendick","CHW","186",".268","0.5","1.0","0","1","29","18","2","0","18889"
"2021","David Bote","CHC","327",".268","-0.9","-1.5","0","1","38","27","5","0","14593"
"2021","Romy Gonzalez","CHW","33",".267","0.3","0.0","0","0","5","1","0","0","21562"
"2021","Donovan Walton","SEA","69",".267","0.1","0.0","1","0","8","4","0","0","19314"
"2021","Seby Zavala","CHW","104",".265","0.4","0.1","0","0","9","6","1","0","18887"
"2021","Ranger Suarez","PHI","23",".265","","","0","0","1","1","1","0","17277"
"2021","Brian O'Grady","SDP","61",".265","0.3","0.1","0","0","3","8","0","0","16729"
"2021","Yonny Hernandez","TEX","166",".265","0.8","0.1","11","2","26","17","4","0","19432"
"2021","Daniel Robertson","MIL","90",".265","0.0","0.1","0","0","8","12","3","1","14145"
"2021","Nomar Mazara","DET","181",".264","-0.1","0.3","0","0","25","15","0","0","14553"
"2021","Jacob Nottingham","- - -","45",".263","-0.2","0.3","0","0","2","2","2","0","16448"
"2021","Maikel Franco","BAL","403",".263","0.1","-1.1","0","0","46","20","3","0","12179"
"2021","Billy Hamilton","CHW","135",".262","0.6","0.6","9","0","15","4","0","0","10199"
"2021","Ender Inciarte","ATL","89",".262","0.2","0.2","1","0","13","7","0","0","4922"
"2021","Jose Trevino","TEX","302",".261","-2.0","-3.1","1","1","49","12","0","1","16725"
"2021","Danny Santana","BOS","127",".261","-0.1","0.4","4","2","13","10","1","0","10322"
"2021","Jason Vosler","SFG","82",".261","-0.9","-0.9","2","0","6","7","1","1","16686"
"2021","Joshua Fuentes","COL","284",".261","1.9","0.5","0","0","42","12","0","1","16885"
"2021","Jason Martin","TEX","154",".260","-0.3","0.9","3","1","21","8","0","0","16429"
"2021","Mike Tauchman","- - -","191",".260","-0.3","0.7","3","3","21","23","1","0","15274"
"2021","Eric Sogard","CHC","180",".259","-1.0","-0.9","3","1","34","9","0","1","7927"
"2021","Marwin Gonzalez","- - -","307",".259","-1.1","-0.4","3","2","36","20","9","0","5497"
"2021","Taylor Motter","- - -","29",".259","0.1","0.0","0","0","3","3","0","0","12399"
"2021","Brock Holt","TEX","260",".259","-1.4","-0.6","5","1","33","23","1","0","9345"
"2021","Ryan McKenna","BAL","197",".259","1.0","0.6","1","0","22","24","2","0","19928"
"2021","Chadwick Tromp","SFG","18",".258","-0.5","-0.3","0","0","3","0","0","0","16953"
"2021","Martin Maldonado","HOU","426",".258","-4.4","-0.3","0","0","41","47","5","1","6887"
"2021","Jake Bauers","- - -","315",".257","-1.3","1.2","6","1","48","30","2","1","15194"
"2021","Jose Marmolejos","SEA","122",".256","-0.1","0.7","0","0","9","15","0","0","15767"
"2021","Jonah Heim","TEX","285",".256","-0.5","-0.4","3","1","29","15","1","0","16930"
"2021","Tomas Nido","NYM","161",".254","-2.2","0.0","1","0","25","5","3","1","13755"
"2021","Mike Ford","NYY","72",".254","0.0","0.3","0","0","5","11","1","1","15585"
"2021","Eli White","TEX","220",".253","0.2","0.6","4","3","22","18","4","0","19346"
"2021","Isan Diaz","MIA","277",".253","-0.2","0.9","1","1","33","34","1","6","17922"
"2021","Travis Blankenhorn","- - -","24",".253","0.0","0.2","0","0","1","1","0","0","18395"
"2021","Andrew Velazquez","NYY","68",".252","0.4","0.0","4","1","9","1","0","0","14196"
"2021","Andrelton Simmons","MIN","451",".252","0.5","-1.8","1","0","77","32","3","0","10847"
"2021","Roberto Perez","CLE","161",".251","-0.5","0.6","1","0","11","17","1","0","2900"
"2021","Will Craig","PIT","65",".251","-0.1","-0.1","0","0","10","5","0","1","19267"
"2021","Keston Hiura","MIL","197",".250","1.3","-0.5","3","0","15","14","7","0","20003"
"2021","Kevin Newman","PIT","554",".249","2.6","2.1","6","1","87","27","1","3","17696"
"2021","Joe Ross","WSN","39",".248","","","0","0","8","1","1","0","12972"
"2021","Matt Peacock","ARI","17",".248","","","1","0","4","1","0","0","20339"
"2021","Jarren Duran","BOS","112",".247","0.1","0.6","2","1","16","4","0","0","24617"
"2021","David Dahl","TEX","220",".246","-0.7","0.2","2","1","28","10","1","0","13744"
"2021","Richie Martin","BAL","105",".246","-1.0","0.2","0","2","20","4","1","0","17736"
"2021","Alan Trejo","COL","50",".245","-0.6","0.0","0","0","7","3","0","1","20056"
"2021","Orlando Arcia","- - -","89",".245","-0.4","0.0","1","0","11","7","0","1","13185"
"2021","Joe Panik","- - -","257",".244","-1.0","-1.2","2","0","37","17","2","1","11936"
"2021","Erik Gonzalez","PIT","229",".244","-1.0","-0.3","2","2","41","8","0","0","13369"
"2021","Henry Ramos","ARI","55",".244","0.3","-0.1","0","0","7","4","0","0","11481"
"2021","Aramis Garcia","OAK","94",".244","-0.9","-0.7","0","0","14","1","3","0","16925"
"2021","Luis Rengifo","LAA","190",".244","0.6","0.4","1","0","28","9","2","0","19858"
"2021","Shogo Akiyama","CIN","183",".243","1.1","0.9","2","3","25","14","4","1","27461"
"2021","Tylor Megill","NYM","31",".243","","","0","0","3","1","0","0","21318"
"2021","Jarrod Dyson","- - -","149",".243","0.5","0.5","10","5","19","10","0","0","4866"
"2021","David Price","LAD","18",".242","","","0","0","3","0","0","0","3184"
"2021","Dexter Fowler","LAA","21",".242","0.0","0.1","1","0","5","1","0","0","4062"
"2021","Steven Souza Jr.","LAD","36",".241","-0.3","-0.2","0","0","2","2","1","0","5667"
"2021","Owen Miller","CLE","202",".241","-1.3","-1.3","2","0","27","9","1","0","24655"
"2021","Jake Cave","MIN","178",".241","1.0","0.6","1","1","21","10","3","0","14477"
"2021","Eric Lauer","MIL","37",".240","","","0","0","3","3","1","0","19316"
"2021","Brian Miller","MIA","11",".240","0.1","0.0","0","0","3","0","0","0","20047"
"2021","Sam Haggerty","SEA","94",".240","-0.6","0.1","5","1","11","6","1","0","18054"
"2021","Magneuris Sierra","MIA","225",".239","1.7","0.3","11","0","41","15","0","4","17023"
"2021","Bryan Holaday","ARI","34",".239","-0.1","0.1","0","0","4","1","2","0","11287"
"2021","Ka'ai Tom","- - -","133",".239","-1.0","0.4","1","0","10","17","5","1","18136"
"2021","Pat Valaika","BAL","281",".238","-0.6","-0.2","1","1","39","16","2","0","14885"
"2021","Andrew Knizner","STL","185",".238","-0.2","-1.2","0","0","20","20","4","2","19514"
"2021","Tim Locastro","- - -","156",".237","0.6","0.1","5","3","19","7","9","0","15124"
"2021","Cody Bellinger","LAD","350",".237","0.7","1.4","3","1","31","31","1","2","15998"
"2021","Austin Romine","CHC","62",".237","-0.2","-1.1","0","0","10","2","0","0","5491"
"2021","Austin Wynns","BAL","139",".236","0.0","-1.4","1","0","16","8","0","0","15271"
"2021","Josh Palacios","TOR","42",".236","1.5","0.3","0","0","7","3","2","0","19818"
"2021","Luke Raley","LAD","72",".236","0.1","0.0","0","0","9","2","4","1","19354"
"2021","Tucupita Marcano","SDP","50",".231","0.3","-0.4","0","1","7","6","0","0","22871"
"2021","Rio Ruiz","- - -","141",".231","0.0","-0.3","2","0","14","12","1","0","14103"
"2021","Cal Raleigh","SEA","148",".231","0.1","0.0","0","0","11","7","1","0","21534"
"2021","Drew Ellis","ARI","83",".230","-0.2","0.2","0","0","6","10","4","1","19873"
"2021","Zack Short","DET","184",".230","-0.2","0.0","2","0","12","22","0","1","19562"
"2021","Alejo Lopez","CIN","23",".229","-0.1","0.0","0","0","6","0","0","0","21127"
"2021","Justin Williams","STL","137",".229","0.0","-0.1","0","1","15","17","1","5","15490"
"2021","Patrick Mazeika","NYM","87",".228","0.3","-0.1","0","0","11","4","3","1","18142"
"2021","Austin Hedges","CLE","312",".227","-0.1","-0.1","1","0","34","15","1","1","12976"
"2021","Ben Rortvedt","MIN","98",".227","0.4","-0.3","0","0","11","6","1","0","20287"
"2021","Jack Lopez","BOS","16",".227","0.1","0.2","0","0","0","1","0","0","13663"
"2021","Alex Jackson","- - -","151",".227","-0.8","0.7","0","0","11","13","7","1","17276"
"2021","Scott Heineman","CIN","34",".226","0.3","-0.2","0","0","1","3","1","0","14453"
"2021","Sandy Leon","MIA","220",".225","-1.8","0.3","0","0","28","12","3","0","5273"
"2021","Michael Perez","PIT","231",".225","-0.5","0.5","0","1","14","19","2","1","12977"
"2021","Jackie Bradley Jr.","MIL","428",".224","1.3","0.1","7","1","40","28","10","0","12984"
"2021","Chad Wallach","MIA","66",".224","-1.0","0.0","0","0","9","3","1","0","17161"
"2021","Andrew Romine","CHC","64",".223","-0.1","0.0","0","1","8","4","0","0","1159"
"2021","Franchy Cordero","BOS","136",".222","0.4","0.5","1","1","17","8","0","0","14567"
"2021","Sebastian Rivero","KCR","44",".220","-0.1","-0.1","0","0","5","3","1","0","21735"
"2021","Matt Joyce","PHI","69",".219","-0.9","-0.1","0","0","2","12","1","2","3353"
"2021","Wyatt Mathisen","ARI","51",".219","0.4","0.2","0","0","4","5","3","0","14555"
"2021","Jay Bruce","NYY","39",".217","-0.2","-0.6","0","0","2","5","0","0","9892"
"2021","Madison Bumgarner","ARI","52",".217","","","0","0","3","9","1","0","5524"
"2021","Chris Gittens","NYY","44",".216","-0.1","0.3","0","0","3","7","0","0","18482"
"2021","Colton Welker","COL","40",".215","-0.4","-0.2","0","0","6","3","0","0","19961"
"2021","Sheldon Neuse","LAD","66",".214","-0.8","-0.3","1","1","7","1","0","0","19635"
"2021","Anthony Bemboom","LAA","28",".213","0.1","-0.2","0","0","6","1","0","0","13854"
"2021","Monte Harrison","MIA","11",".212","0.1","0.0","0","1","1","0","0","0","17216"
"2021","Tony Wolters","CHC","30",".210","0.8","-0.2","0","1","3","5","0","0","11470"
"2021","Jonathan Davis","- - -","103",".210","-0.3","0.3","4","1","9","12","3","0","15104"
"2021","Wade Miley","CIN","59",".210","","","0","0","7","3","0","0","8779"
"2021","Leody Taveras","TEX","185",".209","1.2","-0.3","10","1","17","9","1","0","18900"
"2021","Clayton Kershaw","LAD","39",".209","","","0","0","8","1","0","0","2036"
"2021","Jacob Wilson","- - -","21",".209","0.6","-0.1","0","0","1","1","0","0","13254"
"2021","Stuart Fairchild","ARI","17",".208","0.1","-0.3","0","0","1","1","1","0","20321"
"2021","Mike Freeman","CIN","65",".206","0.7","0.1","1","1","11","5","1","1","11241"
"2021","Jon Lester","- - -","51",".205","","","0","0","5","2","0","0","4930"
"2021","Chance Sisco","- - -","83",".205","-0.5","0.1","0","0","8","7","2","0","15694"
"2021","Garrett Stubbs","HOU","38",".205","0.1","0.1","0","0","4","2","0","0","18067"
"2021","Tony Gonsolin","LAD","19",".205","","","0","0","2","1","0","0","19388"
"2021","Wilfredo Tovar","NYM","12",".204","0.0","0.1","0","0","2","1","0","0","10416"
"2021","Mark Payton","CIN","24",".204","-0.8","0.2","0","0","4","2","0","0","16042"
"2021","JaCoby Jones","DET","105",".204","-0.2","-0.1","2","2","13","5","0","0","14818"
"2021","Zac Gallen","ARI","42",".203","","","0","0","4","1","0","0","19291"
"2021","Dustin Fowler","PIT","46",".202","-0.6","0.4","1","0","6","3","1","0","17098"
"2021","Gilberto Celestino","MIN","62",".201","0.0","-0.3","0","0","3","3","0","0","20233"
"2021","Julio Urias","LAD","70",".200","","","0","0","10","0","1","0","14765"
"2021","Matt Adams","COL","40",".198","-0.9","-0.1","0","0","5","4","0","1","9393"
"2021","Evan White","SEA","104",".197","0.4","0.2","0","0","9","6","1","0","20078"
"2021","Aaron Nola","PHI","63",".197","","","0","0","5","6","0","0","16149"
"2021","Jared Oliva","PIT","43",".197","0.1","0.3","2","0","5","3","0","1","19968"
"2021","Andrew Knapp","PHI","159",".196","0.8","0.8","0","0","17","10","2","0","14942"
"2021","Kevan Smith","- - -","106",".196","0.1","-0.1","0","0","13","10","0","3","12284"
"2021","Trevor Williams","- - -","28",".196","","","0","0","5","1","0","0","16977"
"2021","Kyle Freeland","COL","40",".195","","","0","0","5","2","0","0","16256"
"2021","Robel Garcia","HOU","117",".194","-0.3","0.0","0","0","12","8","1","0","13167"
"2021","Jose Godoy","SEA","40",".193","0.0","-0.4","0","0","5","3","0","0","15808"
"2021","Ildemaro Vargas","- - -","83",".192","0.1","-0.1","1","0","8","6","0","1","13324"
"2021","Logan Webb","SFG","53",".192","","","0","0","2","2","0","0","17995"
"2021","Ryan Weathers","SDP","28",".191","","","0","0","3","1","0","0","23796"
"2021","Stevie Wilkerson","BAL","76",".190","-0.1","0.3","2","0","9","3","1","0","16041"
"2021","Kean Wong","LAA","66",".187","-0.2","0.5","0","1","7","2","0","0","15994"
"2021","Jahmai Jones","BAL","72",".186","-0.2","0.0","1","0","7","4","1","0","18872"
"2021","Adam Haseley","PHI","21",".185","0.2","0.1","0","0","3","0","0","0","19878"
"2021","Johan Oviedo","STL","22",".183","","","0","0","3","2","0","0","22487"
"2021","Jake Arrieta","- - -","30",".182","","","0","0","3","2","1","0","4153"
"2021","Kevin Smith","TOR","36",".182","0.3","0.1","0","0","2","3","1","0","20242"
"2021","Edwin Rios","LAD","60",".182","0.1","-0.3","0","0","3","7","2","0","18316"
"2021","Jake Hager","- - -","30",".180","0.0","0.1","0","0","3","4","0","0","12198"
"2021","Nick Heath","ARI","39",".180","-0.1","0.2","0","2","4","4","0","1","19577"
"2021","Kevin Gausman","SFG","62",".178","","","0","0","10","2","0","0","14107"
"2021","Rob Brantly","NYY","21",".177","-0.3","0.2","0","0","2","0","1","0","10655"
"2021","Troy Stokes Jr.","PIT","20",".177","0.4","0.1","1","0","1","1","1","0","17478"
"2021","Kevin Padlo","- - -","15",".175","0.0","0.1","0","0","0","2","0","0","16593"
"2021","Domingo Leyba","- - -","96",".172","-0.2","-0.3","0","0","8","8","1","0","16404"
"2021","Chi Chi Gonzalez","COL","34",".170","","","0","0","4","1","0","0","14663"
"2021","Luis Castillo","CIN","59",".169","","","0","0","6","1","0","0","15689"
"2021","Corbin Burnes","MIL","59",".166","","","0","0","8","3","0","0","19361"
"2021","Nick Williams","CHW","13",".164","0.0","-0.2","0","0","0","1","2","0","14330"
"2021","Todd Frazier","PIT","40",".163","0.7","-0.3","0","0","2","3","2","0","785"
"2021","Scott Schebler","LAA","34",".161","0.5","0.2","0","0","2","0","0","0","12225"
"2021","Kyle Gibson","- - -","30",".160","","","0","0","3","0","0","0","10123"
"2021","Braxton Garrett","MIA","11",".160","","","0","0","2","0","0","0","21844"
"2021","Vimael Machin","OAK","37",".160","-0.2","-0.3","0","0","4","3","0","0","17684"
"2021","Ronald Guzman","TEX","17",".159","0.0","0.0","0","0","0","1","0","0","14388"
"2021","Cristian Pache","ATL","68",".159","0.0","0.1","0","0","3","2","1","0","19948"
"2021","Zach Davies","CHC","44",".155","","","0","0","6","0","0","0","13183"
"2021","Zack Wheeler","PHI","73",".153","","","0","0","9","0","0","0","10310"
"2021","Adam Wainwright","STL","74",".149","","","0","0","5","3","0","0","2233"
"2021","Caleb Smith","ARI","25",".147","","","1","0","1","1","1","0","14875"
"2021","Mickey Moniak","PHI","37",".147","0.6","0.3","0","0","2","3","0","1","19956"
"2021","Patrick Corbin","WSN","63",".147","","","0","0","7","3","0","0","9323"
"2021","Paolo Espino","WSN","33",".147","","","0","0","5","0","0","0","8246"
"2021","Jesus Luzardo","- - -","20",".146","","","0","0","0","4","0","0","19959"
"2021","Albert Almora Jr.","NYM","54",".143","0.0","0.0","0","0","3","2","0","0","14109"
"2021","Marcus Stroman","NYM","58",".143","","","1","0","3","4","0","0","13431"
"2021","Joe Musgrove","SDP","57",".143","","","0","0","5","1","0","0","12970"
"2021","Tim Lopes","MIL","11",".143","0.0","0.0","0","1","1","1","0","0","14137"
"2021","Adrian Houser","MIL","46",".143","","","0","0","1","2","0","0","12718"
"2021","Luis Campusano","SDP","38",".142","-1.3","-0.4","0","0","3","4","0","0","22217"
"2021","Sonny Gray","CIN","43",".142","","","0","0","6","1","0","0","12768"
"2021","Zach Thompson","MIA","18",".141","","","0","0","1","0","0","0","16094"
"2021","Walker Buehler","LAD","82",".140","","","0","0","5","5","0","0","19374"
"2021","Kwang-hyun Kim","STL","29",".138","","","0","0","2","0","1","0","27458"
"2021","Greg Deichmann","CHC","31",".136","0.0","0.2","0","0","4","1","0","0","19872"
"2021","Justin Steele","CHC","13",".135","","","0","0","2","0","0","0","17312"
"2021","Trent Giambrone","CHC","13",".135","-0.1","0.1","0","0","2","0","0","0","19250"
"2021","Mitch Keller","PIT","32",".134","","","0","0","3","2","0","0","17594"
"2021","Brandon Woodruff","MIL","58",".134","","","0","0","6","3","0","0","16162"
"2021","Tyler Anderson","- - -","40",".133","","","0","0","3","1","0","0","12880"
"2021","Cameron Maybin","NYM","33",".133","0.1","0.1","1","0","1","3","2","0","5223"
"2021","Curtis Terry","TEX","48",".132","0.2","0.1","0","0","2","2","1","0","18881"
"2021","Pete Kozma","OAK","12",".131","0.0","0.1","0","0","1","1","0","0","2539"
"2021","Jorge Bonifacio","PHI","12",".131","0.0","0.0","0","0","1","1","0","0","12174"
"2021","Kyle Muller","ATL","13",".131","","","0","0","1","1","0","0","20167"
"2021","Kyle Hendricks","CHC","61",".130","","","0","0","5","2","0","0","12049"
"2021","JT Brubaker","PIT","43",".129","","","0","0","3","4","0","0","17578"
"2021","Vince Velasquez","- - -","30",".126","","","0","0","2","2","0","0","11189"
"2021","Luke Weaver","ARI","22",".122","","","0","0","2","1","0","0","16918"
"2021","Johnny Cueto","SFG","37",".120","","","1","0","2","3","0","0","6893"
"2021","Taijuan Walker","NYM","51",".119","","","0","0","5","1","1","0","11836"
"2021","Charlie Morton","ATL","62",".118","","","0","0","6","0","0","0","4676"
"2021","Jeff Hoffman","CIN","16",".117","","","0","0","2","0","0","0","17432"
"2021","David Peterson","NYM","20",".116","","","0","0","0","0","1","0","20302"
"2021","Vladimir Gutierrez","CIN","42",".115","","","0","0","3","2","0","0","19278"
"2021","Skye Bolt","- - -","60",".113","0.0","0.4","2","0","3","1","0","0","17723"
"2021","Merrill Kelly","ARI","58",".113","","","0","0","2","4","0","0","11156"
"2021","Rich Hill","- - -","26",".110","","","0","0","3","0","0","0","4806"
"2021","Yu Darvish","SDP","55",".108","","","0","0","3","0","1","0","13074"
"2021","Hernan Perez","WSN","21",".108","0.0","0.1","0","0","1","2","0","0","5751"
"2021","Jose Lobaton","CHC","13",".106","0.0","0.0","0","0","0","2","0","0","4243"
"2021","Chase De Jong","PIT","15",".103","","","0","0","0","0","0","0","15036"
"2021","Blake Snell","SDP","37",".103","","","0","0","4","0","0","0","13543"
"2021","Austin Gomber","COL","42",".101","","","0","0","3","1","0","0","16561"
"2021","Jake Woodford","STL","20",".098","","","0","0","2","0","0","0","18674"
"2021","Freddy Peralta","MIL","45",".096","","","0","0","4","1","0","0","18679"
"2021","Wil Crowe","PIT","41",".096","","","0","0","1","1","1","0","19800"
"2021","Jon Gray","COL","50",".094","","","0","0","5","0","0","0","14916"
"2021","Taylor Widener","ARI","18",".092","","","0","0","1","1","0","0","19266"
"2021","Anderson Tejeda","TEX","17",".092","0.0","0.0","1","0","1","1","0","0","19909"
"2021","Tyler Mahle","CIN","66",".092","","","0","0","3","4","0","0","16358"
"2021","Drew Butera","LAA","36",".091","0.2","0.1","0","0","2","0","0","0","3411"
"2021","P.J. Higgins","CHC","25",".090","-0.1","-0.1","0","0","1","2","0","0","18433"
"2021","Anthony DeSclafani","SFG","62",".089","","","0","0","1","4","0","0","13050"
"2021","Carlos Martinez","STL","25",".088","","","0","0","1","0","0","0","11682"
"2021","Cody Poteet","MIA","11",".088","","","0","0","1","0","0","0","18769"
"2021","Jordan Holloway","MIA","10",".088","","","0","0","1","0","0","0","20631"
"2021","Sammy Long","SFG","11",".088","","","0","0","1","0","0","0","25379"
"2021","Adbert Alzolay","CHC","33",".088","","","0","0","1","1","0","0","17859"
"2021","Brett Anderson","MIL","34",".086","","","0","0","0","4","0","0","8223"
"2021","Touki Toussaint","ATL","18",".081","","","0","0","0","2","0","0","16929"
"2021","Alex Wood","SFG","47",".080","","","0","1","0","5","0","0","13781"
"2021","Yairo Munoz","BOS","11",".080","0.0","0.1","0","0","1","0","0","0","16313"
"2021","Sandy Alcantara","MIA","64",".079","","","0","0","1","3","1","0","18684"
"2021","Miles Mikolas","STL","15",".077","","","0","0","0","1","0","0","9803"
"2021","Johan Camargo","ATL","18",".077","0.0","0.0","0","0","0","2","0","0","14950"
"2021","Trevor Rogers","MIA","46",".076","","","0","0","3","1","0","0","22286"
"2021","Pablo Lopez","MIA","35",".075","","","0","0","0","0","0","0","17085"
"2021","Ian Anderson","ATL","41",".074","","","0","0","1","1","0","0","19951"
"2021","Bryse Wilson","- - -","25",".073","","","0","0","1","0","1","0","19990"
"2021","Chad Kuhl","PIT","24",".071","","","0","0","1","1","0","0","14975"
"2021","Khalil Lee","NYM","18",".069","0.0","0.1","0","0","0","0","0","0","19952"
"2021","Josiah Gray","- - -","24",".068","","","0","0","1","1","0","0","24580"
"2021","Vidal Brujan","TBR","26",".068","0.3","0.1","1","0","2","0","0","0","20536"
"2021","Drew Smyly","ATL","43",".064","","","0","0","3","0","0","0","11760"
"2021","Joey Lucchesi","NYM","11",".063","","","0","0","0","1","0","0","19320"
"2021","Elieser Hernandez","MIA","18",".063","","","0","0","1","0","0","0","16933"
"2021","Chris Paddack","SDP","42",".062","","","0","0","1","1","1","0","20099"
"2021","Nick Neidert","MIA","12",".058","","","0","0","0","1","0","0","18699"
"2021","Max Moroff","STL","16",".055","0.0","0.2","0","0","1","0","0","0","14556"
"2021","Josh Rogers","WSN","14",".053","","","0","0","0","1","0","0","18510"
"2021","Trevor Bauer","LAD","34",".051","","","0","0","1","1","0","0","12703"
"2021","Scott Kingery","PHI","19",".046","-0.1","0.1","0","0","1","0","0","0","17975"
"2021","J.A. Happ","- - -","15",".046","","","0","0","0","1","0","0","7410"
"2021","Zach Eflin","PHI","37",".046","","","0","0","0","1","1","0","13774"
"2021","Antonio Senzatela","COL","51",".045","","","0","0","2","0","0","0","15488"
"2021","Mitch White","LAD","16",".043","","","0","0","0","1","0","0","19225"
"2021","Alec Mills","CHC","36",".039","","","0","0","0","0","0","0","13834"
"2021","Erick Fedde","WSN","43",".018","","","0","0","0","1","0","0","17425"
"2021","Matt Moore","PHI","20",".000","","","0","0","0","0","0","0","1890"
"2021","Max Scherzer","- - -","63",".000","","","0","0","0","0","0","0","3137"
"2021","Wade LeBlanc","- - -","13",".000","","","0","0","0","0","0","0","5221"
"2021","Carlos Carrasco","NYM","19",".000","","","0","0","0","0","0","0","6632"
"2021","Chase Anderson","PHI","14",".000","","","0","0","0","0","0","0","6895"
"2021","Aaron Sanchez","SFG","10",".000","","","0","0","0","0","0","0","11490"
"2021","Adrian Sampson","CHC","11",".000","","","0","0","0","0","0","0","13339"
"2021","John Gant","- - -","18",".000","","","0","0","0","0","0","0","13684"
"2021","Nabil Crismatt","SDP","11",".000","","","0","0","0","0","0","0","17732"
"2021","Tyler Gilbert","ARI","11",".000","","","0","0","0","0","0","0","17964"
"2021","Zach Reks","LAD","10",".000","0.0","0.0","0","0","0","0","0","0","19667"
"2021","Riley Smith","ARI","17",".000","","","0","0","0","0","0","0","19826"
"2021","Max Kranick","PIT","14",".000","","","0","0","0","0","0","0","22175"
